url_path,views_total,views_unique
/EarthSciML/AtmosphericDynamics.jl,9,2
/EarthSciML/AtmosphericDynamics.jl/pulls,3,1
/EarthSciML/AtmosphericDynamics.jl/pull/1,2,1
/EarthSciML/atmosphericdynamics.jl,2,1
/EarthSciML/AtmosphericDynamics.jl/actions/runs/21767760517/job/62807853718,1,1
/EarthSciML/AtmosphericDynamics.jl/pull/1/changes,1,1
/EarthSciML/AtmosphericDynamics.jl/pull/1/changes/87ff567ae4002ea4904feb3f46584588f175ef85,1,1
/EarthSciML/AtmosphericDynamics.jl/pull/1/commits,1,1
/EarthSciML/AtmosphericDynamics.jl/pull/6,1,1
/EarthSciML/AtmosphericDynamics.jl/pull/6/changes,1,1
